-- ============================================================
-- Custis Seed Data — Senzo Mall, Hurghada
-- Realistic data for development and testing
-- ============================================================

-- ── Property ──────────────────────────────────────────────

INSERT INTO properties (id, name, address, city, country, total_area_sqm, floors, year_established, operating_hours, status, timezone, currency)
VALUES (
  'a0000000-0000-0000-0000-000000000001',
  'Senzo Mall',
  'Safaga Road, Hurghada',
  'Hurghada',
  'Egypt',
  170000.00,
  3,
  2009,
  '10:00-23:00 weekdays, 10:00-00:00 weekends',
  'active',
  'Africa/Cairo',
  'EGP'
);

-- ── Zones ─────────────────────────────────────────────────

INSERT INTO zones (id, property_id, name, floor, area_sqm, type, status) VALUES
  ('b0000000-0000-0000-0000-000000000001', 'a0000000-0000-0000-0000-000000000001', 'Ground Floor Retail',   0, 25000.00, 'retail',        'active'),
  ('b0000000-0000-0000-0000-000000000002', 'a0000000-0000-0000-0000-000000000001', 'First Floor Retail',    1, 22000.00, 'retail',        'active'),
  ('b0000000-0000-0000-0000-000000000003', 'a0000000-0000-0000-0000-000000000001', 'Food Court',            1, 8000.00,  'food',          'active'),
  ('b0000000-0000-0000-0000-000000000004', 'a0000000-0000-0000-0000-000000000001', 'Entertainment Zone',    2, 12000.00, 'entertainment', 'active'),
  ('b0000000-0000-0000-0000-000000000005', 'a0000000-0000-0000-0000-000000000001', 'Anchor Zone',           0, 8000.00,  'retail',        'active'),
  ('b0000000-0000-0000-0000-000000000006', 'a0000000-0000-0000-0000-000000000001', 'Services Area',         1, 5000.00,  'service',       'active'),
  ('b0000000-0000-0000-0000-000000000007', 'a0000000-0000-0000-0000-000000000001', 'Parking',              -1, 45000.00, 'parking',       'active'),
  ('b0000000-0000-0000-0000-000000000008', 'a0000000-0000-0000-0000-000000000001', 'Common Areas',          0, 15000.00, 'common',        'active');

-- ── Tenants ───────────────────────────────────────────────

INSERT INTO tenants (id, name, brand_name, category, brand_type, contact_name, contact_email, contact_phone, status) VALUES
  ('c0000000-0000-0000-0000-000000000001', 'Spinneys Egypt',       'Spinneys',       'grocery',        'international', 'Ahmed Hassan',    'ahmed@spinneys.eg',       '+201001234567', 'active'),
  ('c0000000-0000-0000-0000-000000000002', 'Adidas Egypt',         'Adidas',          'fashion',        'international', 'Mohamed Ali',     'mohamed@adidas-eg.com',   '+201001234568', 'active'),
  ('c0000000-0000-0000-0000-000000000003', 'Aldo Group Egypt',     'Aldo',            'fashion',        'international', 'Sara Ibrahim',    'sara@aldo-eg.com',        '+201001234569', 'active'),
  ('c0000000-0000-0000-0000-000000000004', 'McDonald''s Hurghada', 'McDonald''s',     'food',           'franchise',     'Khaled Mostafa',  'khaled@mcdonalds-eg.com', '+201001234570', 'active'),
  ('c0000000-0000-0000-0000-000000000005', 'KFC Hurghada',         'KFC',             'food',           'franchise',     'Amira Nabil',     'amira@kfc-eg.com',        '+201001234571', 'active'),
  ('c0000000-0000-0000-0000-000000000006', 'LC Waikiki Egypt',     'LC Waikiki',      'fashion',        'international', 'Yusuf Kamal',     'yusuf@lcwaikiki-eg.com',  '+201001234572', 'active'),
  ('c0000000-0000-0000-0000-000000000007', 'DeFacto Egypt',        'DeFacto',         'fashion',        'international', 'Nour El-Din',     'nour@defacto-eg.com',     '+201001234573', 'active'),
  ('c0000000-0000-0000-0000-000000000008', 'Timberland Egypt',     'Timberland',      'fashion',        'international', 'Hossam Gamal',    'hossam@timberland-eg.com','+201001234574', 'active'),
  ('c0000000-0000-0000-0000-000000000009', 'Kidzo Entertainment',  'Kidzo',           'entertainment',  'local',         'Mona Saeed',      'mona@kidzo.eg',           '+201001234575', 'active'),
  ('c0000000-0000-0000-0000-000000000010', 'Samsung Egypt',        'Samsung',         'electronics',    'international', 'Tarek Abdel',     'tarek@samsung-eg.com',    '+201001234576', 'active'),
  ('c0000000-0000-0000-0000-000000000011', 'Costa Coffee Egypt',   'Costa Coffee',    'food',           'franchise',     'Laila Farid',     'laila@costa-eg.com',      '+201001234577', 'active'),
  ('c0000000-0000-0000-0000-000000000012', 'Skechers Egypt',       'Skechers',        'fashion',        'international', 'Omar Reda',       'omar@skechers-eg.com',    '+201001234578', 'active'),
  ('c0000000-0000-0000-0000-000000000013', 'Bath & Body Works EG', 'Bath & Body Works','services',      'franchise',     'Dina Magdy',      'dina@bbw-eg.com',         '+201001234579', 'active'),
  ('c0000000-0000-0000-0000-000000000014', 'Baskin Robbins EG',    'Baskin Robbins',  'food',           'franchise',     'Ramy Tawfik',     'ramy@baskin-eg.com',      '+201001234580', 'active'),
  ('c0000000-0000-0000-0000-000000000015', 'Vision Express EG',    'Vision Express',  'services',       'international', 'Heba Mahmoud',    'heba@visionexpress.eg',   '+201001234581', 'active'),
  ('c0000000-0000-0000-0000-000000000016', 'Hardee''s Hurghada',   'Hardee''s',       'food',           'franchise',     'Waleed Nasser',   'waleed@hardees-eg.com',   '+201001234582', 'active'),
  ('c0000000-0000-0000-0000-000000000017', 'New Balance Egypt',    'New Balance',     'fashion',        'international', 'Samir Fawzy',     'samir@newbalance-eg.com', '+201001234583', 'active'),
  ('c0000000-0000-0000-0000-000000000018', 'Al Araby Electronics', 'Al Araby',        'electronics',    'local',         'Gamal Othman',    'gamal@alaraby.eg',        '+201001234584', 'active'),
  ('c0000000-0000-0000-0000-000000000019', 'Cinnabon Hurghada',    'Cinnabon',        'food',           'franchise',     'Yasmin Adel',     'yasmin@cinnabon-eg.com',  '+201001234585', 'active'),
  ('c0000000-0000-0000-0000-000000000020', 'The Body Shop EG',     'The Body Shop',   'services',       'international', 'Nadia Hamed',     'nadia@bodyshop-eg.com',   '+201001234586', 'active'),
  ('c0000000-0000-0000-0000-000000000021', 'Tous Egypt',           'Tous',            'fashion',        'international', 'Rana Hesham',     'rana@tous-eg.com',        '+201001234587', 'active'),
  ('c0000000-0000-0000-0000-000000000022', 'Bershka Egypt',        'Bershka',         'fashion',        'international', 'Mahmoud Salah',   'mahmoud@bershka-eg.com',  '+201001234588', 'active'),
  ('c0000000-0000-0000-0000-000000000023', 'Stradivarius Egypt',   'Stradivarius',    'fashion',        'international', 'Fatma Zaki',      'fatma@stradivarius-eg.com','+201001234589','active'),
  ('c0000000-0000-0000-0000-000000000024', 'Pizza Hut Hurghada',   'Pizza Hut',       'food',           'franchise',     'Ashraf Youssef',  'ashraf@pizzahut-eg.com',  '+201001234590', 'active'),
  ('c0000000-0000-0000-0000-000000000025', 'STC Pharmacy',         'STC Pharmacy',    'services',       'local',         'Dr. Khaled Amin', 'khaled@stcpharmacy.eg',   '+201001234591', 'active'),
  ('c0000000-0000-0000-0000-000000000026', 'Gold Time Watches',    'Gold Time',       'fashion',        'local',         'Essam Fathy',     'essam@goldtime.eg',       '+201001234592', 'active'),
  ('c0000000-0000-0000-0000-000000000027', 'Mega Bowl',            'Mega Bowl',       'entertainment',  'local',         'Sherif Eid',      'sherif@megabowl.eg',      '+201001234593', 'active'),
  ('c0000000-0000-0000-0000-000000000028', 'Vodafone Store',       'Vodafone',        'services',       'international', 'Ayman Sami',      'ayman@vodafone.eg',       '+201001234594', 'active'),
  ('c0000000-0000-0000-0000-000000000029', 'Pull & Bear Egypt',    'Pull & Bear',     'fashion',        'international', 'Haidy Sherif',    'haidy@pullbear-eg.com',   '+201001234595', 'active'),
  ('c0000000-0000-0000-0000-000000000030', 'Cook Door Hurghada',   'Cook Door',       'food',           'local',         'Mostafa Ragab',   'mostafa@cookdoor.eg',     '+201001234596', 'active');

-- ── Units ─────────────────────────────────────────────────

INSERT INTO units (id, zone_id, property_id, name, unit_number, floor, area_sqm, status, frontage_m) VALUES
  -- Anchor Zone
  ('d0000000-0000-0000-0000-000000000001', 'b0000000-0000-0000-0000-000000000005', 'a0000000-0000-0000-0000-000000000001', 'Spinneys Hypermarket',  'A-001', 0, 5000.00, 'occupied', 30.0),
  -- Ground Floor Retail
  ('d0000000-0000-0000-0000-000000000002', 'b0000000-0000-0000-0000-000000000001', 'a0000000-0000-0000-0000-000000000001', 'Adidas Store',          'G-101', 0, 220.00,  'occupied', 8.0),
  ('d0000000-0000-0000-0000-000000000003', 'b0000000-0000-0000-0000-000000000001', 'a0000000-0000-0000-0000-000000000001', 'Aldo Store',            'G-102', 0, 150.00,  'occupied', 6.0),
  ('d0000000-0000-0000-0000-000000000004', 'b0000000-0000-0000-0000-000000000001', 'a0000000-0000-0000-0000-000000000001', 'LC Waikiki',            'G-103', 0, 400.00,  'occupied', 12.0),
  ('d0000000-0000-0000-0000-000000000005', 'b0000000-0000-0000-0000-000000000001', 'a0000000-0000-0000-0000-000000000001', 'DeFacto',               'G-104', 0, 350.00,  'occupied', 10.0),
  ('d0000000-0000-0000-0000-000000000006', 'b0000000-0000-0000-0000-000000000001', 'a0000000-0000-0000-0000-000000000001', 'Timberland',            'G-105', 0, 180.00,  'occupied', 6.0),
  ('d0000000-0000-0000-0000-000000000007', 'b0000000-0000-0000-0000-000000000001', 'a0000000-0000-0000-0000-000000000001', 'Samsung',               'G-106', 0, 200.00,  'occupied', 7.0),
  ('d0000000-0000-0000-0000-000000000008', 'b0000000-0000-0000-0000-000000000001', 'a0000000-0000-0000-0000-000000000001', 'Skechers',              'G-107', 0, 190.00,  'occupied', 7.0),
  ('d0000000-0000-0000-0000-000000000009', 'b0000000-0000-0000-0000-000000000001', 'a0000000-0000-0000-0000-000000000001', 'Tous Jewelry',          'G-108', 0, 80.00,   'occupied', 4.0),
  ('d0000000-0000-0000-0000-000000000010', 'b0000000-0000-0000-0000-000000000001', 'a0000000-0000-0000-0000-000000000001', 'Gold Time Watches',     'G-109', 0, 60.00,   'occupied', 3.5),
  ('d0000000-0000-0000-0000-000000000011', 'b0000000-0000-0000-0000-000000000001', 'a0000000-0000-0000-0000-000000000001', 'Vacant G-110',          'G-110', 0, 200.00,  'vacant',   8.0),
  -- First Floor Retail
  ('d0000000-0000-0000-0000-000000000012', 'b0000000-0000-0000-0000-000000000002', 'a0000000-0000-0000-0000-000000000001', 'Bershka',               'F-201', 1, 280.00,  'occupied', 9.0),
  ('d0000000-0000-0000-0000-000000000013', 'b0000000-0000-0000-0000-000000000002', 'a0000000-0000-0000-0000-000000000001', 'Stradivarius',          'F-202', 1, 250.00,  'occupied', 8.0),
  ('d0000000-0000-0000-0000-000000000014', 'b0000000-0000-0000-0000-000000000002', 'a0000000-0000-0000-0000-000000000001', 'Pull & Bear',           'F-203', 1, 300.00,  'occupied', 9.0),
  ('d0000000-0000-0000-0000-000000000015', 'b0000000-0000-0000-0000-000000000002', 'a0000000-0000-0000-0000-000000000001', 'New Balance',           'F-204', 1, 170.00,  'occupied', 6.0),
  ('d0000000-0000-0000-0000-000000000016', 'b0000000-0000-0000-0000-000000000002', 'a0000000-0000-0000-0000-000000000001', 'Al Araby Electronics',  'F-205', 1, 350.00,  'occupied', 10.0),
  ('d0000000-0000-0000-0000-000000000017', 'b0000000-0000-0000-0000-000000000002', 'a0000000-0000-0000-0000-000000000001', 'Vacant F-206',          'F-206', 1, 150.00,  'vacant',   6.0),
  ('d0000000-0000-0000-0000-000000000018', 'b0000000-0000-0000-0000-000000000002', 'a0000000-0000-0000-0000-000000000001', 'Vacant F-207',          'F-207', 1, 180.00,  'vacant',   7.0),
  -- Food Court
  ('d0000000-0000-0000-0000-000000000019', 'b0000000-0000-0000-0000-000000000003', 'a0000000-0000-0000-0000-000000000001', 'McDonald''s',           'FC-301', 1, 250.00, 'occupied', 8.0),
  ('d0000000-0000-0000-0000-000000000020', 'b0000000-0000-0000-0000-000000000003', 'a0000000-0000-0000-0000-000000000001', 'KFC',                   'FC-302', 1, 200.00, 'occupied', 7.0),
  ('d0000000-0000-0000-0000-000000000021', 'b0000000-0000-0000-0000-000000000003', 'a0000000-0000-0000-0000-000000000001', 'Costa Coffee',          'FC-303', 1, 120.00, 'occupied', 5.0),
  ('d0000000-0000-0000-0000-000000000022', 'b0000000-0000-0000-0000-000000000003', 'a0000000-0000-0000-0000-000000000001', 'Baskin Robbins',        'FC-304', 1, 60.00,  'occupied', 3.0),
  ('d0000000-0000-0000-0000-000000000023', 'b0000000-0000-0000-0000-000000000003', 'a0000000-0000-0000-0000-000000000001', 'Hardee''s',             'FC-305', 1, 180.00, 'occupied', 6.0),
  ('d0000000-0000-0000-0000-000000000024', 'b0000000-0000-0000-0000-000000000003', 'a0000000-0000-0000-0000-000000000001', 'Cinnabon',              'FC-306', 1, 50.00,  'occupied', 3.0),
  ('d0000000-0000-0000-0000-000000000025', 'b0000000-0000-0000-0000-000000000003', 'a0000000-0000-0000-0000-000000000001', 'Pizza Hut',             'FC-307', 1, 200.00, 'occupied', 7.0),
  ('d0000000-0000-0000-0000-000000000026', 'b0000000-0000-0000-0000-000000000003', 'a0000000-0000-0000-0000-000000000001', 'Cook Door',             'FC-308', 1, 150.00, 'occupied', 5.0),
  -- Entertainment Zone
  ('d0000000-0000-0000-0000-000000000027', 'b0000000-0000-0000-0000-000000000004', 'a0000000-0000-0000-0000-000000000001', 'Kidzo Indoor Park',     'E-401', 2, 3000.00, 'occupied', 20.0),
  ('d0000000-0000-0000-0000-000000000028', 'b0000000-0000-0000-0000-000000000004', 'a0000000-0000-0000-0000-000000000001', 'Mega Bowl',             'E-402', 2, 1500.00, 'occupied', 12.0),
  -- Services Area
  ('d0000000-0000-0000-0000-000000000029', 'b0000000-0000-0000-0000-000000000006', 'a0000000-0000-0000-0000-000000000001', 'Bath & Body Works',     'S-501', 1, 130.00, 'occupied', 5.0),
  ('d0000000-0000-0000-0000-000000000030', 'b0000000-0000-0000-0000-000000000006', 'a0000000-0000-0000-0000-000000000001', 'Vision Express',        'S-502', 1, 100.00, 'occupied', 4.0),
  ('d0000000-0000-0000-0000-000000000031', 'b0000000-0000-0000-0000-000000000006', 'a0000000-0000-0000-0000-000000000001', 'The Body Shop',         'S-503', 1, 110.00, 'occupied', 4.5),
  ('d0000000-0000-0000-0000-000000000032', 'b0000000-0000-0000-0000-000000000006', 'a0000000-0000-0000-0000-000000000001', 'STC Pharmacy',          'S-504', 1, 160.00, 'occupied', 6.0),
  ('d0000000-0000-0000-0000-000000000033', 'b0000000-0000-0000-0000-000000000006', 'a0000000-0000-0000-0000-000000000001', 'Vodafone Store',        'S-505', 1, 90.00,  'occupied', 4.0),
  -- Maintenance unit
  ('d0000000-0000-0000-0000-000000000034', 'b0000000-0000-0000-0000-000000000001', 'a0000000-0000-0000-0000-000000000001', 'Under Renovation G-111','G-111', 0, 240.00, 'maintenance', 8.0);

-- ── Leases ────────────────────────────────────────────────

INSERT INTO leases (id, unit_id, tenant_id, property_id, start_date, end_date, min_rent_monthly_egp, percentage_rate, security_deposit_egp, escalation_rate, status) VALUES
  ('e0000000-0000-0000-0000-000000000001', 'd0000000-0000-0000-0000-000000000001', 'c0000000-0000-0000-0000-000000000001', 'a0000000-0000-0000-0000-000000000001', '2024-01-01', '2028-12-31', 450000.00,  6.00, 2700000.00, 5.00, 'active'),
  ('e0000000-0000-0000-0000-000000000002', 'd0000000-0000-0000-0000-000000000002', 'c0000000-0000-0000-0000-000000000002', 'a0000000-0000-0000-0000-000000000001', '2024-06-01', '2027-05-31',  85000.00,  8.00,  510000.00, 7.00, 'active'),
  ('e0000000-0000-0000-0000-000000000003', 'd0000000-0000-0000-0000-000000000003', 'c0000000-0000-0000-0000-000000000003', 'a0000000-0000-0000-0000-000000000001', '2024-03-01', '2027-02-28',  55000.00,  8.00,  330000.00, 7.00, 'active'),
  ('e0000000-0000-0000-0000-000000000004', 'd0000000-0000-0000-0000-000000000004', 'c0000000-0000-0000-0000-000000000006', 'a0000000-0000-0000-0000-000000000001', '2024-01-15', '2027-01-14', 150000.00,  7.00,  900000.00, 6.00, 'active'),
  ('e0000000-0000-0000-0000-000000000005', 'd0000000-0000-0000-0000-000000000005', 'c0000000-0000-0000-0000-000000000007', 'a0000000-0000-0000-0000-000000000001', '2024-04-01', '2027-03-31', 120000.00,  7.00,  720000.00, 6.00, 'active'),
  ('e0000000-0000-0000-0000-000000000006', 'd0000000-0000-0000-0000-000000000006', 'c0000000-0000-0000-0000-000000000008', 'a0000000-0000-0000-0000-000000000001', '2024-02-01', '2027-01-31',  65000.00,  8.00,  390000.00, 7.00, 'active'),
  ('e0000000-0000-0000-0000-000000000007', 'd0000000-0000-0000-0000-000000000007', 'c0000000-0000-0000-0000-000000000010', 'a0000000-0000-0000-0000-000000000001', '2024-05-01', '2027-04-30',  75000.00,  6.00,  450000.00, 5.00, 'active'),
  ('e0000000-0000-0000-0000-000000000008', 'd0000000-0000-0000-0000-000000000008', 'c0000000-0000-0000-0000-000000000012', 'a0000000-0000-0000-0000-000000000001', '2024-07-01', '2027-06-30',  70000.00,  8.00,  420000.00, 7.00, 'active'),
  ('e0000000-0000-0000-0000-000000000009', 'd0000000-0000-0000-0000-000000000009', 'c0000000-0000-0000-0000-000000000021', 'a0000000-0000-0000-0000-000000000001', '2024-01-01', '2026-12-31',  45000.00, 10.00,  270000.00, 8.00, 'active'),
  ('e0000000-0000-0000-0000-000000000010', 'd0000000-0000-0000-0000-000000000010', 'c0000000-0000-0000-0000-000000000026', 'a0000000-0000-0000-0000-000000000001', '2024-03-01', '2026-02-28',  30000.00,  9.00,  180000.00, 7.00, 'active'),
  -- Food Court
  ('e0000000-0000-0000-0000-000000000011', 'd0000000-0000-0000-0000-000000000019', 'c0000000-0000-0000-0000-000000000004', 'a0000000-0000-0000-0000-000000000001', '2024-01-01', '2028-12-31', 120000.00, 10.00,  720000.00, 5.00, 'active'),
  ('e0000000-0000-0000-0000-000000000012', 'd0000000-0000-0000-0000-000000000020', 'c0000000-0000-0000-0000-000000000005', 'a0000000-0000-0000-0000-000000000001', '2024-01-01', '2027-12-31', 100000.00, 10.00,  600000.00, 5.00, 'active'),
  ('e0000000-0000-0000-0000-000000000013', 'd0000000-0000-0000-0000-000000000021', 'c0000000-0000-0000-0000-000000000011', 'a0000000-0000-0000-0000-000000000001', '2024-06-01', '2027-05-31',  55000.00,  9.00,  330000.00, 6.00, 'active'),
  ('e0000000-0000-0000-0000-000000000014', 'd0000000-0000-0000-0000-000000000022', 'c0000000-0000-0000-0000-000000000014', 'a0000000-0000-0000-0000-000000000001', '2024-04-01', '2027-03-31',  25000.00,  9.00,  150000.00, 6.00, 'active'),
  ('e0000000-0000-0000-0000-000000000015', 'd0000000-0000-0000-0000-000000000023', 'c0000000-0000-0000-0000-000000000016', 'a0000000-0000-0000-0000-000000000001', '2024-02-01', '2027-01-31',  85000.00, 10.00,  510000.00, 5.00, 'active'),
  ('e0000000-0000-0000-0000-000000000016', 'd0000000-0000-0000-0000-000000000024', 'c0000000-0000-0000-0000-000000000019', 'a0000000-0000-0000-0000-000000000001', '2024-05-01', '2027-04-30',  20000.00,  9.00,  120000.00, 6.00, 'active'),
  ('e0000000-0000-0000-0000-000000000017', 'd0000000-0000-0000-0000-000000000025', 'c0000000-0000-0000-0000-000000000024', 'a0000000-0000-0000-0000-000000000001', '2024-03-01', '2027-02-28',  90000.00, 10.00,  540000.00, 5.00, 'active'),
  ('e0000000-0000-0000-0000-000000000018', 'd0000000-0000-0000-0000-000000000026', 'c0000000-0000-0000-0000-000000000030', 'a0000000-0000-0000-0000-000000000001', '2024-08-01', '2027-07-31',  60000.00,  9.00,  360000.00, 6.00, 'active'),
  -- First Floor Retail
  ('e0000000-0000-0000-0000-000000000019', 'd0000000-0000-0000-0000-000000000012', 'c0000000-0000-0000-0000-000000000022', 'a0000000-0000-0000-0000-000000000001', '2024-01-15', '2027-01-14', 100000.00,  7.00,  600000.00, 6.00, 'active'),
  ('e0000000-0000-0000-0000-000000000020', 'd0000000-0000-0000-0000-000000000013', 'c0000000-0000-0000-0000-000000000023', 'a0000000-0000-0000-0000-000000000001', '2024-02-01', '2027-01-31',  90000.00,  7.00,  540000.00, 6.00, 'active'),
  ('e0000000-0000-0000-0000-000000000021', 'd0000000-0000-0000-0000-000000000014', 'c0000000-0000-0000-0000-000000000029', 'a0000000-0000-0000-0000-000000000001', '2024-04-01', '2027-03-31', 105000.00,  7.00,  630000.00, 6.00, 'active'),
  ('e0000000-0000-0000-0000-000000000022', 'd0000000-0000-0000-0000-000000000015', 'c0000000-0000-0000-0000-000000000017', 'a0000000-0000-0000-0000-000000000001', '2024-06-01', '2027-05-31',  60000.00,  8.00,  360000.00, 7.00, 'active'),
  ('e0000000-0000-0000-0000-000000000023', 'd0000000-0000-0000-0000-000000000016', 'c0000000-0000-0000-0000-000000000018', 'a0000000-0000-0000-0000-000000000001', '2024-03-01', '2027-02-28', 130000.00,  6.00,  780000.00, 5.00, 'active'),
  -- Entertainment
  ('e0000000-0000-0000-0000-000000000024', 'd0000000-0000-0000-0000-000000000027', 'c0000000-0000-0000-0000-000000000009', 'a0000000-0000-0000-0000-000000000001', '2024-01-01', '2028-12-31', 200000.00,  8.00, 1200000.00, 5.00, 'active'),
  ('e0000000-0000-0000-0000-000000000025', 'd0000000-0000-0000-0000-000000000028', 'c0000000-0000-0000-0000-000000000027', 'a0000000-0000-0000-0000-000000000001', '2024-06-01', '2027-05-31', 110000.00,  8.00,  660000.00, 6.00, 'active'),
  -- Services
  ('e0000000-0000-0000-0000-000000000026', 'd0000000-0000-0000-0000-000000000029', 'c0000000-0000-0000-0000-000000000013', 'a0000000-0000-0000-0000-000000000001', '2024-01-01', '2026-12-31',  50000.00,  9.00,  300000.00, 7.00, 'active'),
  ('e0000000-0000-0000-0000-000000000027', 'd0000000-0000-0000-0000-000000000030', 'c0000000-0000-0000-0000-000000000015', 'a0000000-0000-0000-0000-000000000001', '2024-02-01', '2027-01-31',  40000.00,  8.00,  240000.00, 6.00, 'active'),
  ('e0000000-0000-0000-0000-000000000028', 'd0000000-0000-0000-0000-000000000031', 'c0000000-0000-0000-0000-000000000020', 'a0000000-0000-0000-0000-000000000001', '2024-04-01', '2027-03-31',  45000.00,  9.00,  270000.00, 7.00, 'active'),
  ('e0000000-0000-0000-0000-000000000029', 'd0000000-0000-0000-0000-000000000032', 'c0000000-0000-0000-0000-000000000025', 'a0000000-0000-0000-0000-000000000001', '2024-05-01', '2027-04-30',  60000.00,  7.00,  360000.00, 5.00, 'active'),
  ('e0000000-0000-0000-0000-000000000030', 'd0000000-0000-0000-0000-000000000033', 'c0000000-0000-0000-0000-000000000028', 'a0000000-0000-0000-0000-000000000001', '2024-01-01', '2026-12-31',  35000.00,  6.00,  210000.00, 5.00, 'active');

-- ── Sample Sales Data (Jan-Feb 2026 for testing discrepancy detection) ──

INSERT INTO tenant_sales_reported (lease_id, tenant_id, period_month, period_year, reported_revenue_egp, submission_date, verified) VALUES
  -- Spinneys — reports accurately
  ('e0000000-0000-0000-0000-000000000001', 'c0000000-0000-0000-0000-000000000001', 1, 2026, 8500000.00, '2026-02-05', false),
  ('e0000000-0000-0000-0000-000000000001', 'c0000000-0000-0000-0000-000000000001', 2, 2026, 7800000.00, '2026-03-05', false),
  -- Adidas — underreports by ~25%
  ('e0000000-0000-0000-0000-000000000002', 'c0000000-0000-0000-0000-000000000002', 1, 2026, 850000.00,  '2026-02-08', false),
  ('e0000000-0000-0000-0000-000000000002', 'c0000000-0000-0000-0000-000000000002', 2, 2026, 780000.00,  '2026-03-07', false),
  -- McDonald's — underreports by ~30%
  ('e0000000-0000-0000-0000-000000000011', 'c0000000-0000-0000-0000-000000000004', 1, 2026, 1200000.00, '2026-02-06', false),
  ('e0000000-0000-0000-0000-000000000011', 'c0000000-0000-0000-0000-000000000004', 2, 2026, 1100000.00, '2026-03-06', false),
  -- KFC — reports accurately
  ('e0000000-0000-0000-0000-000000000012', 'c0000000-0000-0000-0000-000000000005', 1, 2026, 950000.00,  '2026-02-07', false),
  ('e0000000-0000-0000-0000-000000000012', 'c0000000-0000-0000-0000-000000000005', 2, 2026, 880000.00,  '2026-03-08', false),
  -- LC Waikiki — underreports by ~20%
  ('e0000000-0000-0000-0000-000000000004', 'c0000000-0000-0000-0000-000000000006', 1, 2026, 1600000.00, '2026-02-10', false),
  ('e0000000-0000-0000-0000-000000000004', 'c0000000-0000-0000-0000-000000000006', 2, 2026, 1450000.00, '2026-03-09', false),
  -- Kidzo — reports accurately
  ('e0000000-0000-0000-0000-000000000024', 'c0000000-0000-0000-0000-000000000009', 1, 2026, 2200000.00, '2026-02-08', false),
  ('e0000000-0000-0000-0000-000000000024', 'c0000000-0000-0000-0000-000000000009', 2, 2026, 1900000.00, '2026-03-07', false);

-- ── Staff (owner account — auth_user_id will be linked after Supabase auth setup) ──

INSERT INTO staff (id, auth_user_id, property_id, name, email, role, department, status)
VALUES (
  'f0000000-0000-0000-0000-000000000001',
  NULL,
  'a0000000-0000-0000-0000-000000000001',
  'Senzo Mall Owner',
  'owner@senzomall.com',
  'owner',
  'Management',
  'active'
);
